<annotation>
  <folder>C:/Users/Paulo/Documents/blood-cells/dataset2-master/dataset2-master/images/TRAIN/EOSINOPHIL</folder>
  <filename>_18_8551.jpeg</filename>
  <segmented>0</segmented>
  <size>
    <width>320</width>
    <height>240</height>
    <depth>3</depth>
  </size>
  <object>
    <name>EOSINOPHIL</name>
    <pose>Unspecified</pose>
    <truncated>0</truncated>
    <difficult>0</difficult>
    <bndbox>
      <xmin>11</xmin>
      <ymin>35</ymin>
      <xmax>116</xmax>
      <ymax>137</ymax>
    </bndbox>
  </object>
</annotation>
